type,name,bloat,waste
table,public.mercury_transactions,1.7,3184 kB
table,public.cost_estimate_labor_rows,2.4,320 kB
index,public.checklist_instance_assignees::checklist_instance_assignees_pkey,2.6,176 kB
table,public.checklist_instances,1.7,176 kB
table,public.job_status_events,2.0,168 kB
table,public.material_part_price_history,1.8,144 kB
index,public.checklist_instances::checklist_instances_checklist_item_id_scheduled_date_key,1.8,120 kB
table,public.jobs_ledger,1.9,104 kB
table,public.checklist_instance_assignees,1.6,96 kB
table,public.material_parts,1.6,88 kB
table,public.purchase_order_items,7.0,48 kB
table,public.people_crew_jobs,1.6,48 kB
table,public.estimates,6.0,40 kB
table,public.pay_stub_days,1.6,40 kB
table,public.jobs_ledger_fixtures,1.4,32 kB
index,public.bid_count_row_custom_prices::bid_count_row_custom_prices_bid_id_count_row_id_price_book__key,1.4,32 kB
index,public.material_part_price_history::idx_price_history_changed_at,1.3,32 kB
index,public.checklist_instances::checklist_instances_pkey,1.2,32 kB
index,public.user_app_activity_daily::user_app_activity_daily_pkey,2.5,24 kB
table,public.prospects,1.4,24 kB
table,public.address_geocodes,1.4,24 kB
table,public.person_contract_documents,3.0,16 kB
table,public.stripe_webhook_events,2.0,16 kB
index,public.address_geocodes::address_geocodes_pkey,1.4,16 kB
index,public.jobs_ledger_team_members::jobs_ledger_team_members_job_id_user_id_key,1.4,16 kB
table,public.jobs_ledger_team_members,1.3,16 kB
table,public.bids,1.2,16 kB
index,public.mercury_transaction_attributions::mercury_transaction_attributions_pkey,1.2,16 kB
table,public.bid_count_row_custom_prices,1.2,16 kB
index,public.purchase_orders::idx_purchase_orders_status,0.0,16 kB
index,public.jobs_ledger_invoices::jobs_ledger_invoices_one_primary_rtb_bundle_per_job,0.0,16 kB
index,public.purchase_orders::idx_purchase_orders_notes_added_by,0.0,16 kB
index,public.purchase_orders::idx_purchase_orders_name,0.0,16 kB
index,public.purchase_orders::idx_purchase_orders_created_by,0.0,16 kB
index,public.purchase_orders::purchase_orders_pkey,0.0,16 kB
index,public.cost_estimates::cost_estimates_bid_id_key,2.0,8192 bytes
index,public.cost_estimates::cost_estimates_pkey,2.0,8192 bytes
index,public.cost_estimates::idx_cost_estimates_bid_id,2.0,8192 bytes
index,public.cost_estimates::idx_cost_estimates_po_rough_in,2.0,8192 bytes
index,public.cost_estimates::idx_cost_estimates_po_top_out,2.0,8192 bytes
index,public.cost_estimates::idx_cost_estimates_po_trim_set,2.0,8192 bytes
index,public.dispatch_request_dismissals::dispatch_request_dismissals_pkey,2.0,8192 bytes
index,public.estimates::estimates_estimate_number_unique,2.0,8192 bytes
index,public.estimates::estimates_job_ledger_id_unique,2.0,8192 bytes
index,public.estimates::estimates_master_status_updated,2.0,8192 bytes
index,public.estimates::estimates_pkey,2.0,8192 bytes
index,public.estimates::estimates_public_token_hash_unique,2.0,8192 bytes
table,public.project_workflow_steps,2.0,8192 bytes
index,public.bid_working_board_placements::bid_working_board_placements_pkey,2.0,8192 bytes
index,public.hours_days_correct::hours_days_correct_pkey,2.0,8192 bytes
index,public.hours_days_correct::idx_hours_days_correct_work_date,2.0,8192 bytes
index,public.workflow_template_steps::workflow_template_steps_pkey,2.0,8192 bytes
index,public.workflow_step_line_items::workflow_step_line_items_pkey,2.0,8192 bytes
index,public.workflow_step_line_items::idx_workflow_step_line_items_supply_house_invoice_id,2.0,8192 bytes
index,public.workflow_step_line_items::idx_workflow_step_line_items_step_id,2.0,8192 bytes
index,public.workflow_step_line_items::idx_workflow_step_line_items_sequence_order,2.0,8192 bytes
index,public.workflow_step_line_items::idx_workflow_step_line_items_purchase_order_id,2.0,8192 bytes
index,public.workflow_projections::workflow_projections_pkey,2.0,8192 bytes
index,public.workflow_projections::idx_workflow_projections_workflow_id,2.0,8192 bytes
index,public.workflow_projections::idx_workflow_projections_sequence_order,2.0,8192 bytes
index,public.users::users_pkey,2.0,8192 bytes
index,public.users::users_email_key,2.0,8192 bytes
index,public.bid_working_board_placements::bid_working_board_placements_user_column_position_idx,2.0,8192 bytes
index,public.jobs_ledger_invoices::idx_jobs_ledger_invoices_job_id,2.0,8192 bytes
index,public.jobs_ledger_invoices::idx_jobs_ledger_invoices_status,2.0,8192 bytes
index,public.jobs_ledger_invoices::jobs_ledger_invoices_pkey,2.0,8192 bytes
index,public.jobs_ledger_invoices::jobs_ledger_invoices_stripe_invoice_id_key,2.0,8192 bytes
index,public.jobs_ledger_payments::idx_jobs_ledger_payments_job_id,2.0,8192 bytes
index,public.jobs_ledger_payments::jobs_ledger_payments_pkey,2.0,8192 bytes
index,public.user_labels::user_labels_pkey,2.0,8192 bytes
index,public.jobs_ledger_thread_notes::idx_jobs_ledger_thread_notes_job_created,2.0,8192 bytes
index,public.jobs_ledger_thread_notes::jobs_ledger_thread_notes_pkey,2.0,8192 bytes
index,public.labor_book_entries::idx_labor_book_entries_fixture_type_id,2.0,8192 bytes
index,public.labor_book_entries::idx_labor_book_entries_version_id,2.0,8192 bytes
index,public.labor_book_entries::labor_book_entries_pkey,2.0,8192 bytes
index,public.people_crew_bids::people_crew_bids_pkey,2.0,8192 bytes
index,public.purchase_order_items::idx_purchase_order_items_po_id,2.0,8192 bytes
index,public.purchase_order_items::idx_purchase_order_items_part_id,2.0,8192 bytes
index,public.projects::projects_pkey,2.0,8192 bytes
index,public.people_pay_config::people_pay_config_pkey,2.0,8192 bytes
index,public.person_contract_documents::idx_person_contract_documents_person,2.0,8192 bytes
index,public.person_contract_documents::idx_person_contract_documents_person_lineage,2.0,8192 bytes
index,public.person_contract_documents::idx_person_contract_documents_public_token_hash,2.0,8192 bytes
index,public.person_contract_documents::idx_person_contract_documents_status,2.0,8192 bytes
index,public.person_contract_documents::person_contract_documents_person_lineage_version_key,2.0,8192 bytes
index,public.person_contract_documents::person_contract_documents_pkey,2.0,8192 bytes
index,public.project_workflow_step_actions::idx_step_actions_performed_at,2.0,8192 bytes
index,public.project_workflow_step_actions::idx_step_actions_step_id,2.0,8192 bytes
index,public.project_workflow_step_actions::project_workflow_step_actions_pkey,2.0,8192 bytes
index,public.project_workflow_steps::idx_project_workflow_steps_dates,2.0,8192 bytes
index,public.project_workflow_steps::idx_project_workflow_steps_status,2.0,8192 bytes
index,public.project_workflow_steps::idx_project_workflow_steps_workflow_id,2.0,8192 bytes
index,public.project_workflow_steps::project_workflow_steps_pkey,2.0,8192 bytes
index,public.project_workflows::idx_project_workflows_project_id,2.0,8192 bytes
index,public.project_workflows::project_workflows_pkey,2.0,8192 bytes
index,public.projects::idx_projects_customer_id,2.0,8192 bytes
index,public.projects::idx_projects_master_user_id,2.0,8192 bytes
index,public.bids_takeoff_rough_part_lines::bids_takeoff_rough_part_lines_pkey,2.0,8192 bytes
index,public.bids_takeoff_rough_part_lines::idx_bids_takeoff_rough_part_lines_bid_id,2.0,8192 bytes
index,public.bids_takeoff_rough_part_lines::idx_bids_takeoff_rough_part_lines_count_row_id,2.0,8192 bytes
index,public.bids_takeoff_rough_part_lines::idx_bids_takeoff_rough_part_lines_source_price_id,2.0,8192 bytes
index,public.checklist_item_assignees::checklist_item_assignees_pkey,2.0,8192 bytes
index,public.checklist_items::checklist_items_pkey,2.0,8192 bytes
index,public.app_settings::app_settings_pkey,2.0,8192 bytes
index,public.checklist_tech_tree_groups::checklist_tech_tree_groups_pkey,2.0,8192 bytes
index,public.checklist_tech_tree_groups::checklist_tech_tree_groups_roadmap_id_idx,2.0,8192 bytes
index,public.clock_sessions::idx_clock_sessions_salary_unique_continuous,2.0,8192 bytes
index,public.clock_sessions::idx_clock_sessions_user_open,2.0,8192 bytes
table,public.supply_house_invoice_job_allocations,2.0,8192 bytes
table,public.bids_takeoff_rough_part_lines,2.0,8192 bytes
index,public.purchase_orders::idx_purchase_orders_supply_house_id,2.0,8192 bytes
index,public.purchase_orders::idx_purchase_orders_service_type_id,2.0,8192 bytes
index,public.purchase_order_items::purchase_order_items_pkey,2.0,8192 bytes
index,public.part_types::idx_part_types_name,2.0,8192 bytes
index,public.part_types::idx_part_types_sequence_order,2.0,8192 bytes
index,public.part_types::idx_part_types_service_type_id,2.0,8192 bytes
index,public.part_types::part_types_pkey,2.0,8192 bytes
index,public.part_types::part_types_service_type_id_name_key,2.0,8192 bytes
index,public.purchase_order_items::idx_purchase_order_items_source_template_id,2.0,8192 bytes
index,public.purchase_order_items::idx_purchase_order_items_sequence_order,2.0,8192 bytes
index,public.pay_stubs::idx_pay_stubs_created_at,2.0,8192 bytes
index,public.pay_stubs::idx_pay_stubs_person_period,2.0,8192 bytes
index,public.pay_stubs::pay_stubs_pkey,2.0,8192 bytes
index,public.people_crew_bids::idx_people_crew_bids_person,2.0,8192 bytes
index,public.people_crew_bids::idx_people_crew_bids_work_date,2.0,8192 bytes
index,public.purchase_order_items::idx_purchase_order_items_price_confirmed_at,2.0,8192 bytes
index,public.user_labels::idx_user_labels_user_id,2.0,8192 bytes
index,public.user_labels::idx_user_labels_label_id,2.0,8192 bytes
index,public.user_dashboard_goals::user_dashboard_goals_pkey,2.0,8192 bytes
index,public.user_dashboard_goals::idx_user_dashboard_goals_user_id,2.0,8192 bytes
index,public.user_daily_goals_ack::user_daily_goals_ack_pkey,2.0,8192 bytes
index,public.team_leader_assignments::team_leader_assignments_unique_pair,2.0,8192 bytes
index,public.team_leader_assignments::team_leader_assignments_pkey,2.0,8192 bytes
index,public.team_leader_assignments::idx_team_leader_assignments_member,2.0,8192 bytes
index,public.team_leader_assignments::idx_team_leader_assignments_leader,2.0,8192 bytes
index,public.team_feedback_user_state::team_feedback_user_state_pkey,2.0,8192 bytes
index,public.supply_house_invoice_job_allocations::supply_house_invoice_job_allocations_pkey,2.0,8192 bytes
index,public.supply_house_invoice_job_allocations::idx_supply_house_invoice_job_allocations_job_id,2.0,8192 bytes
index,public.report_reads::report_reads_pkey,2.0,8192 bytes
table,public.material_templates,2.0,8192 bytes
index,public.material_templates::idx_material_templates_assembly_type_id,2.0,8192 bytes
index,public.material_templates::idx_material_templates_name,2.0,8192 bytes
index,public.material_templates::idx_material_templates_service_type_id,2.0,8192 bytes
index,public.material_templates::material_templates_pkey,2.0,8192 bytes
index,public.mercury_debit_card_nicknames::mercury_debit_card_nicknames_pkey,2.0,8192 bytes
index,public.report_reads::idx_report_reads_user_id,2.0,8192 bytes
index,public.quickfill_section_marks::quickfill_section_marks_pkey,2.0,8192 bytes
table,public.price_book_entries,1.5,8192 bytes
table,public.fixture_types,1.5,8192 bytes
table,public.supply_house_invoices,1.3,8192 bytes
index,public.people_hours::people_hours_pkey,1.2,8192 bytes
index,public.people_hours::idx_people_hours_person_date,1.2,8192 bytes
index,public.mercury_transaction_job_allocations::mercury_transaction_job_allocations_tx_job_unique,1.2,8192 bytes
index,public.people_hours::people_hours_person_name_work_date_key,1.2,8192 bytes
table,public.people_hours,1.1,8192 bytes
table,public.clock_sessions,1.1,8192 bytes
table,public.material_part_prices,1.1,8192 bytes
index,public.pay_stub_days::pay_stub_days_pay_stub_id_work_date_key,1.1,8192 bytes
index,public.bid_pricing_assignments::bid_pricing_assignments_bid_id_count_row_id_version_key,1.1,8192 bytes
index,public.jobs_ledger_payments::idx_jobs_ledger_payments_mercury_transaction_id,0.0,8192 bytes
index,public.customers::customers_stripe_customer_id_key,0.0,8192 bytes
index,public.jobs_ledger::idx_jobs_ledger_bid_id,0.0,8192 bytes
index,public.jobs_ledger_payments::idx_jobs_ledger_payments_invoice_id,0.0,8192 bytes
index,public.address_geocodes::address_geocodes_geocoded_at_idx,1.0,0 bytes
index,public.checklist_tech_tree_group_tasks::checklist_tech_tree_group_tasks_group_id_idx,1.0,0 bytes
index,public.checklist_tech_tree_group_tasks::checklist_tech_tree_group_tasks_pkey,1.0,0 bytes
index,public.clock_sessions::idx_clock_sessions_pending,1.0,0 bytes
index,public.clock_sessions::idx_clock_sessions_salary_unique_split,1.0,0 bytes
index,public.cost_estimate_labor_rows::cost_estimate_labor_rows_cost_estimate_id_fixture_key,1.0,0 bytes
index,public.customers::customers_pkey,1.0,0 bytes
index,public.customers::idx_customers_master_user_id,1.0,0 bytes
index,public.dispatch_requests::dispatch_requests_pkey,1.0,0 bytes
index,public.fixture_types::fixture_types_pkey,1.0,0 bytes
index,public.fixture_types::fixture_types_service_type_id_name_key,1.0,0 bytes
index,public.fixture_types::idx_fixture_types_name,1.0,0 bytes
index,public.fixture_types::idx_fixture_types_sequence_order,1.0,0 bytes
index,public.fixture_types::idx_fixture_types_service_type_id,1.0,0 bytes
index,public.jobs_ledger_fixtures::idx_jobs_ledger_fixtures_job_id,1.0,0 bytes
index,public.jobs_ledger_fixtures::jobs_ledger_fixtures_pkey,1.0,0 bytes
index,public.jobs_ledger_team_members::idx_jobs_ledger_team_members_job_id,1.0,0 bytes
index,public.jobs_ledger_team_members::jobs_ledger_team_members_pkey,1.0,0 bytes
index,public.material_template_items::idx_material_template_items_nested_template_id,1.0,0 bytes
index,public.material_template_items::idx_material_template_items_part_id,1.0,0 bytes
index,public.material_template_items::idx_material_template_items_sequence_order,1.0,0 bytes
index,public.material_template_items::idx_material_template_items_template_id,1.0,0 bytes
index,public.material_template_items::material_template_items_pkey,1.0,0 bytes
index,public.material_template_items::material_template_items_unique_part_per_template,1.0,0 bytes
index,public.pay_stub_days::pay_stub_days_pkey,1.0,0 bytes
index,public.price_book_entries::idx_price_book_entries_fixture_type_id,1.0,0 bytes
index,public.price_book_entries::idx_price_book_entries_version_id,1.0,0 bytes
index,public.price_book_entries::price_book_entries_pkey,1.0,0 bytes
index,public.prospect_timer_events::idx_prospect_timer_events_created_at,1.0,0 bytes
index,public.prospect_timer_events::idx_prospect_timer_events_user_id,1.0,0 bytes
index,public.prospect_timer_events::prospect_timer_events_pkey,1.0,0 bytes
index,public.stripe_webhook_events::stripe_webhook_events_pkey,1.0,0 bytes
index,public.stripe_webhook_events::stripe_webhook_events_received_at_idx,1.0,0 bytes
index,public.user_app_activity_daily::idx_user_app_activity_daily_activity_date,1.0,0 bytes
index,public.user_bid_notes_read_state::idx_user_bid_notes_read_state_bid_id,1.0,0 bytes
index,public.user_bid_notes_read_state::user_bid_notes_read_state_pkey,1.0,0 bytes
table,public.app_settings,1.0,0 bytes
table,public.bid_working_board_placements,1.0,0 bytes
table,public.bids_count_rows,1.0,0 bytes
table,public.checklist_item_assignees,1.0,0 bytes
table,public.checklist_items,1.0,0 bytes
table,public.checklist_tech_tree_group_tasks,1.0,0 bytes
table,public.checklist_tech_tree_groups,1.0,0 bytes
table,public.cost_estimates,1.0,0 bytes
table,public.customers,1.0,0 bytes
table,public.dispatch_request_dismissals,1.0,0 bytes
table,public.dispatch_requests,1.0,0 bytes
table,public.hours_days_correct,1.0,0 bytes
table,public.job_schedule_blocks,1.0,0 bytes
table,public.jobs_ledger_invoices,1.0,0 bytes
table,public.jobs_ledger_payments,1.0,0 bytes
table,public.jobs_ledger_thread_notes,1.0,0 bytes
table,public.labor_book_entries,1.0,0 bytes
table,public.material_template_items,1.0,0 bytes
table,public.mercury_debit_card_nicknames,1.0,0 bytes
table,public.notification_history,1.0,0 bytes
table,public.part_types,1.0,0 bytes
table,public.pay_stubs,1.0,0 bytes
table,public.people_pay_config,1.0,0 bytes
table,public.project_workflow_step_actions,1.0,0 bytes
table,public.project_workflows,1.0,0 bytes
table,public.projects,1.0,0 bytes
table,public.prospect_comments,1.0,0 bytes
table,public.prospect_timer_events,1.0,0 bytes
table,public.purchase_orders,1.0,0 bytes
table,public.quickfill_section_marks,1.0,0 bytes
table,public.report_reads,1.0,0 bytes
table,public.team_feedback_user_state,1.0,0 bytes
table,public.team_leader_assignments,1.0,0 bytes
table,public.user_app_activity_daily,1.0,0 bytes
table,public.user_bid_notes_read_state,1.0,0 bytes
table,public.user_daily_goals_ack,1.0,0 bytes
table,public.user_dashboard_goals,1.0,0 bytes
table,public.user_labels,1.0,0 bytes
table,public.users,1.0,0 bytes
table,public.workflow_projections,1.0,0 bytes
table,public.workflow_step_line_items,1.0,0 bytes
table,public.workflow_template_steps,1.0,0 bytes
index,public.people_crew_jobs::people_crew_jobs_pkey,0.9,0 bytes
table,public.mercury_transaction_job_allocations,0.9,0 bytes
table,public.bid_pricing_assignments,0.9,0 bytes
index,public.pay_stub_days::idx_pay_stub_days_person_date,0.9,0 bytes
index,public.mercury_transaction_job_allocations::mercury_transaction_job_allocations_pkey,0.8,0 bytes
index,public.bid_pricing_assignments::bid_pricing_assignments_pkey,0.8,0 bytes
index,public.mercury_transaction_job_allocations::mercury_transaction_job_allocations_mercury_transaction_id_idx,0.8,0 bytes
index,public.material_parts::idx_material_parts_name,0.8,0 bytes
index,public.material_parts::idx_material_parts_service_type_name,0.8,0 bytes
table,public.mercury_transaction_attributions,0.8,0 bytes
index,public.bid_count_row_custom_prices::bid_count_row_custom_prices_pkey,0.7,0 bytes
index,public.notification_history::notification_history_pkey,0.7,0 bytes
index,public.clock_sessions::idx_clock_sessions_salary_user_date,0.7,0 bytes
index,public.material_part_prices::material_part_prices_part_id_supply_house_id_key,0.7,0 bytes
index,public.material_part_prices::idx_material_part_prices_price,0.7,0 bytes
index,public.bids_count_rows::bids_count_rows_pkey,0.7,0 bytes
index,public.material_part_price_history::material_part_price_history_pkey,0.7,0 bytes
index,public.notification_history::idx_notification_history_recipient_sent,0.7,0 bytes
index,public.cost_estimate_labor_rows::cost_estimate_labor_rows_pkey,0.7,0 bytes
index,public.mercury_transaction_attributions::mercury_transaction_attributions_user_id_idx,0.6,0 bytes
index,public.material_part_prices::material_part_prices_pkey,0.6,0 bytes
index,public.bid_pricing_assignments::idx_bid_pricing_assignments_count_row_id,0.6,0 bytes
index,public.jobs_ledger::jobs_ledger_pkey,0.6,0 bytes
index,public.prospects::prospects_pkey,0.6,0 bytes
index,public.job_status_events::job_status_events_pkey,0.6,0 bytes
index,public.material_parts::material_parts_pkey,0.6,0 bytes
index,public.job_schedule_blocks::job_schedule_blocks_pkey,0.5,0 bytes
index,public.supply_house_invoices::idx_supply_house_invoices_is_paid,0.5,0 bytes
index,public.supply_house_invoices::idx_supply_house_invoices_due_date,0.5,0 bytes
index,public.job_schedule_blocks::idx_job_schedule_blocks_shared_group,0.5,0 bytes
index,public.job_schedule_blocks::idx_job_schedule_blocks_job_work_date,0.5,0 bytes
index,public.job_schedule_blocks::idx_job_schedule_blocks_assignee_work_date,0.5,0 bytes
index,public.clock_sessions::idx_clock_sessions_job_ledger_active_clocked_in,0.5,0 bytes
index,public.bid_count_row_custom_prices::idx_bid_count_row_custom_prices_bid_version,0.5,0 bytes
table,public.people_crew_bids,0.5,0 bytes
index,public.prospect_comments::idx_prospect_comments_created_at,0.5,0 bytes
index,public.prospect_comments::idx_prospect_comments_prospect_id,0.5,0 bytes
index,public.prospect_comments::prospect_comments_pkey,0.5,0 bytes
index,public.supply_house_invoices::supply_house_invoices_pkey,0.5,0 bytes
index,public.supply_house_invoices::idx_supply_house_invoices_supply_house_id,0.5,0 bytes
index,public.jobs_ledger::idx_jobs_ledger_hcp_number,0.5,0 bytes
index,public.material_part_price_history::idx_price_history_supply_house_id,0.4,0 bytes
index,public.clock_sessions::clock_sessions_pkey,0.4,0 bytes
index,public.material_parts::idx_material_parts_service_type_id,0.4,0 bytes
index,public.jobs_ledger_team_members::idx_jobs_ledger_team_members_user_id,0.4,0 bytes
index,public.material_part_price_history::idx_price_history_part_id,0.4,0 bytes
index,public.jobs_ledger::idx_jobs_ledger_job_name,0.4,0 bytes
index,public.material_part_prices::idx_material_part_prices_part_id,0.4,0 bytes
index,public.clock_sessions::idx_clock_sessions_user_date,0.4,0 bytes
index,public.job_status_events::idx_job_status_events_job_id,0.4,0 bytes
index,public.job_status_events::idx_job_status_events_changed_at,0.4,0 bytes
index,public.bid_pricing_assignments::idx_bid_pricing_assignments_fixed_price,0.3,0 bytes
index,public.cost_estimate_labor_rows::idx_cost_estimate_labor_rows_estimate_id,0.3,0 bytes
index,public.bid_pricing_assignments::idx_bid_pricing_assignments_bid_id,0.3,0 bytes
index,public.bids_count_rows::idx_bids_count_rows_bid_id,0.3,0 bytes
index,public.people_hours::idx_people_hours_work_date,0.3,0 bytes
index,public.prospects::idx_prospects_created_by,0.3,0 bytes
index,public.prospects::idx_prospects_master_user_id,0.3,0 bytes
index,public.people_crew_jobs::idx_people_crew_jobs_work_date,0.3,0 bytes
index,public.people_crew_jobs::idx_people_crew_jobs_person,0.3,0 bytes
index,public.pay_stub_days::idx_pay_stub_days_pay_stub_id,0.3,0 bytes
index,public.mercury_transaction_job_allocations::mercury_transaction_job_allocations_job_id_idx,0.3,0 bytes
index,public.bid_pricing_assignments::idx_bid_pricing_assignments_price_book_version_id,0.3,0 bytes
index,public.material_parts::idx_material_parts_part_type_id,0.3,0 bytes
index,public.material_parts::idx_material_parts_manufacturer,0.3,0 bytes
index,public.bid_pricing_assignments::idx_bid_pricing_assignments_price_book_entry_id,0.3,0 bytes
index,public.material_part_prices::idx_material_part_prices_supply_house_id,0.3,0 bytes
index,public.bids::idx_bids_customer_id,0.2,0 bytes
index,public.bids::bids_pkey,0.2,0 bytes
index,public.bids::idx_bids_selected_takeoff_book_version_id,0.2,0 bytes
index,public.bids::idx_bids_estimator_id,0.2,0 bytes
index,public.bids::idx_bids_service_type_id,0.2,0 bytes
index,public.jobs_ledger::idx_jobs_ledger_last_work_date,0.2,0 bytes
index,public.bids::idx_bids_bid_due_date,0.2,0 bytes
index,public.bids::idx_bids_bid_number,0.2,0 bytes
index,public.jobs_ledger::idx_jobs_ledger_master_user_id,0.2,0 bytes
index,public.jobs_ledger::idx_jobs_ledger_project_id,0.2,0 bytes
index,public.bids::idx_bids_selected_labor_book_version_id,0.2,0 bytes
index,public.bids::idx_bids_gc_builder_id,0.2,0 bytes
index,public.bids::idx_bids_created_by,0.2,0 bytes
index,public.jobs_ledger::idx_jobs_ledger_service_type_id,0.2,0 bytes
index,public.bids::idx_bids_selected_price_book_version_id,0.2,0 bytes
index,public.mercury_transactions::mercury_transactions_account_posted_idx,0.1,0 bytes
index,public.mercury_transactions::mercury_transactions_pkey,0.0,0 bytes
index,public.mercury_transactions::mercury_transactions_mercury_id_key,0.0,0 bytes
index,public.mercury_transactions::mercury_transactions_posted_at_desc_idx,0.0,0 bytes
