name,last_vacuum,last_autovacuum,last_analyze,last_autoanalyze,rowcount,dead_rowcount,autovacuum_threshold,expect_autovacuum,autoanalyze_threshold,expect_autoanalyze
public._freeze_crew_lead_jobs_backup,"","","",2026-05-16 15:51,           116,             0,            73,no,            62,no
public.address_geocodes,"","","","",           469,            22,           144,no,            97,no
public.app_settings,"","","","",            35,             0,            57,no,            54,no
public.bid_count_row_custom_prices,"","","",2026-05-14 18:11,"         1,599",           275,           370,no,           210,yes
public.bid_pricing_assignments,"","","",2026-05-13 17:58,"         1,152",           149,           280,no,           165,no
public.bid_working_board_placements,"","","","",            15,             1,            53,no,            52,no
public.bids,"",2026-05-13 14:42,"",2026-05-15 11:09,           244,            32,            99,no,            74,no
public.bids_count_rows,"",2026-05-12 17:53,"",2026-05-12 17:54,"         3,167",           271,           683,no,           367,no
public.bids_submission_entries,"","","",2026-05-01 20:28,           131,            13,            76,no,            63,no
public.bids_takeoff_rough_part_lines,"","","","",            38,             0,            58,no,            54,no
public.checklist_instance_assignees,"","","","","         2,568",             0,           564,no,           307,no
public.checklist_instances,"","","","","         2,557",             2,           561,no,           306,no
public.checklist_item_assignees,"","","","",            48,             0,            60,no,            55,no
public.checklist_items,"","","","",            51,             0,            60,no,            55,no
public.checklist_tech_tree_group_tasks,"","","","",            82,             0,            66,no,            58,no
public.checklist_tech_tree_groups,"","","","",            24,             0,            55,no,            52,no
public.clock_sessions,"",2026-05-15 10:00,"",2026-05-15 18:51,"         1,047",           163,           259,no,           155,yes
public.common_jobs,"","","","",             1,             0,            50,no,            50,no
public.cost_estimate_labor_rows,"","","",2026-05-13 14:44,"         3,023",           307,           655,no,           352,no
public.cost_estimates,"","","","",            49,             2,            60,no,            55,no
public.customers,"","","","",            49,             0,            60,no,            55,no
public.dispatch_request_dismissals,"","","",2026-05-05 17:24,           301,             0,           110,no,            80,no
public.dispatch_requests,"","","","",            55,             3,            61,no,            56,no
public.estimates,"","","","",             3,             0,            51,no,            50,no
public.fixture_types,"","","","",           135,             0,            77,no,            64,no
public.hours_days_correct,"","","","",            29,             1,            56,no,            53,no
public.hours_reviewed,"","","","",             1,             0,            50,no,            50,no
public.job_schedule_blocks,"","","",2026-05-15 18:44,           595,           129,           169,no,           110,yes
public.job_status_events,"","","","","         1,577",             0,           365,no,           208,no
public.jobs_ledger,"",2026-05-10 20:39,"",2026-05-15 18:50,           642,           150,           178,no,           114,yes
public.jobs_ledger_fixtures,"","","",2026-05-13 22:02,           586,            79,           167,no,           109,no
public.jobs_ledger_invoices,"",2026-05-12 15:13,"",2026-05-15 08:05,            61,            61,            62,no,            56,yes
public.jobs_ledger_payments,"","","","",            88,            11,            68,no,            59,no
public.jobs_ledger_team_members,"","","",2026-05-15 22:51,           834,            53,           217,no,           133,no
public.jobs_ledger_thread_notes,"","","","",            56,             2,            61,no,            56,no
public.jobs_tally_parts,"","","","",            13,             0,            53,no,            51,no
public.labor_book_entries,"","","","",            18,             0,            54,no,            52,no
public.labor_book_versions,"","","","",             1,             0,            50,no,            50,no
public.material_part_price_history,"","","","","         1,413",             0,           333,no,           191,no
public.material_part_prices,"","","","","         1,436",             0,           337,no,           194,no
public.material_parts,"","","","",           904,             0,           231,no,           140,no
public.material_template_items,"","","","",           127,             0,            75,no,            63,no
public.material_templates,"","","","",            63,             0,            63,no,            56,no
public.mercury_accounting_label_rules,"","","",2026-05-06 02:35,            45,             1,            59,no,            54,no
public.mercury_accounting_label_suggestions,"",2026-05-06 02:47,"",2026-05-06 03:01,"         1,639",           204,           378,no,           214,no
public.mercury_debit_card_nicknames,"","","","",            54,             0,            61,no,            55,no
public.mercury_drag_sort_labels,"",2026-05-02 20:46,"","",            26,            52,            55,no,            53,no
public.mercury_transaction_attributions,"","","",2026-05-14 16:46,"         1,820",             1,           414,no,           232,no
public.mercury_transaction_drag_sort_assignments,"",2026-05-06 02:34,"",2026-05-06 03:01,"         1,650",             0,           380,no,           215,no
public.mercury_transaction_job_allocations,"","","",2026-05-12 22:12,           765,            30,           203,no,           126,no
public.mercury_transactions,"",2026-05-16 01:08,"",2026-05-13 21:26,"         3,176",            25,           685,no,           368,no
public.notification_history,"","","","",           109,             0,            72,no,            61,no
public.part_types,"","","","",            15,             0,            53,no,            52,no
public.pay_stub_additional_lines,"","","","",             3,             4,            51,no,            50,no
public.pay_stub_days,"","","",2026-05-10 22:28,           833,           203,           217,no,           133,yes
public.pay_stubs,"","","","",            95,            18,            69,no,            60,no
public.people,"","","","",             6,             5,            51,no,            51,no
public.people_cost_matrix_tags,"","","","",            20,             3,            54,no,            52,no
public.people_crew_bids,"","","",2026-05-16 15:51,           168,            39,            84,no,            67,no
public.people_crew_jobs,"","","",2026-05-16 15:51,           905,           186,           231,no,           140,yes
public.people_hours,"","","",2026-05-15 09:58,"         1,055",           204,           261,no,           156,yes
public.people_hours_display_order,"","","","",             2,             0,            50,no,            50,no
public.people_pay_config,"","","","",            21,             9,            54,no,            52,no
public.person_contract_documents,"","","","",            37,             8,            57,no,            54,no
public.person_offsets,"","","","",            18,             0,            54,no,            52,no
public.price_book_entries,"","","","",           139,             2,            78,no,            64,no
public.price_book_versions,"","","","",             4,             1,            51,no,            50,no
public.project_workflow_step_actions,"","","","",            11,             0,            52,no,            51,no
public.project_workflow_steps,"","","","",            13,             0,            53,no,            51,no
public.project_workflows,"","","","",             3,             0,            51,no,            50,no
public.projects,"","","","",             1,             0,            50,no,            50,no
public.prospect_comments,"","","","",           253,             0,           101,no,            75,no
public.prospect_timer_events,"","","","",           112,             0,            72,no,            61,no
public.prospects,"","","","",           282,             0,           106,no,            78,no
public.purchase_order_items,"","","","",             6,             0,            51,no,            51,no
public.purchase_orders,"","","","",             6,             1,            51,no,            51,no
public.quickfill_section_mark_events,"","","",2026-05-13 18:02,           273,             0,           105,no,            77,no
public.quickfill_section_marks,"",2026-05-14 16:51,"",2026-05-12 17:42,            21,            28,            54,no,            52,no
public.report_reads,"","","","",            20,             3,            54,no,            52,no
public.reports,"","","","",            16,             1,            53,no,            52,no
public.service_types,"","","","",             3,             0,            51,no,            50,no
public.stripe_webhook_events,"","","","",           134,             0,            77,no,            63,no
public.supply_house_invoice_job_allocations,"","","","",           120,             3,            74,no,            62,no
public.supply_house_invoices,"","","","",           149,             0,            80,no,            65,no
public.takeoff_book_versions,"","","","",             1,             0,            50,no,            50,no
public.team_feedback_user_state,"","","","",            18,             0,            54,no,            52,no
public.team_leader_assignments,"","","","",            33,             0,            57,no,            53,no
public.user_app_activity_daily,"","","",2026-05-16 15:27,           408,             4,           132,no,            91,no
public.user_bid_notes_read_state,"","","",2026-05-10 06:30,           284,            25,           107,no,            78,no
public.user_daily_goals_ack,"","","",2026-05-15 13:09,           231,             0,            96,no,            73,no
public.user_dashboard_goals,"","","","",            20,             0,            54,no,            52,no
public.user_labels,"","","","",            58,             0,            62,no,            56,no
public.users,"","","","",            21,             4,            54,no,            52,no
public.workflow_projections,"","","","",            16,             0,            53,no,            52,no
public.workflow_step_line_items,"","","","",            82,             0,            66,no,            58,no
public.workflow_template_steps,"","","","",            13,             0,            53,no,            51,no
public._freeze_crew_lead_bids_backup,"","","","",            -1,             0,            50,no,            50,no
public.assembly_types,"","","","",            -1,             0,            50,no,            50,no
public.attendance_incidents,"","","","",            -1,             0,            50,no,            50,no
public.bid_count_row_submission_hides,"","","","",            -1,             4,            50,no,            50,no
public.bid_estimators_extra_users,"","","","",            -1,             0,            50,no,            50,no
public.bid_working_board_columns,"","","","",            -1,             0,            50,no,            50,no
public.bids_gc_builders,"","","","",            -1,             0,            50,no,            50,no
public.bids_takeoff_template_mappings,"","","","",            -1,             0,            50,no,            50,no
public.checklist_tech_tree_edges,"","","","",            -1,             0,            50,no,            50,no
public.checklist_tech_tree_roadmap_members,"","","","",            -1,             0,            50,no,            50,no
public.checklist_tech_tree_roadmaps,"","","","",            -1,             0,            50,no,            50,no
public.checklist_tech_tree_task_assignees,"","","","",            -1,             0,            50,no,            50,no
public.contract_template_documents,"","","","",            -1,             0,            50,no,            50,no
public.contract_templates,"","","","",            -1,             0,            50,no,            50,no
public.cost_matrix_tag_colors,"","","","",            -1,             0,            50,no,            50,no
public.cost_matrix_teams_shares,"","","","",            -1,             0,            50,no,            50,no
public.counts_fixture_group_items,"","","","",            -1,             0,            50,no,            50,no
public.counts_fixture_groups,"","","","",            -1,             0,            50,no,            50,no
public.customer_contact_persons,"","","","",            -1,             0,            50,no,            50,no
public.customer_contacts,"","","","",            -1,             1,            50,no,            50,no
public.dev_ignored_checklist_items,"","","","",            -1,             0,            50,no,            50,no
public.dev_read_completed_items,"","","","",            -1,             0,            50,no,            50,no
public.dispatch_group_members,"","","","",            -1,             0,            50,no,            50,no
public.dispatch_request_notes,"","","","",            -1,             0,            50,no,            50,no
public.email_templates,"","","","",            -1,             0,            50,no,            50,no
public.estimate_catalog_item_events,"","","","",            -1,             0,            50,no,            50,no
public.estimate_catalog_items,"","","","",            -1,             0,            50,no,            50,no
public.estimate_customer_events,"","","","",            -1,             0,            50,no,            50,no
public.estimates_thread_notes,"","","","",            -1,             0,            50,no,            50,no
public.estimator_group_members,"","","","",            -1,             0,            50,no,            50,no
public.estimator_request_dismissals,"","","","",            -1,             0,            50,no,            50,no
public.estimator_request_notes,"","","","",            -1,             0,            50,no,            50,no
public.estimator_requests,"","","","",            -1,             0,            50,no,            50,no
public.external_team_job_payments,"","","","",            -1,             0,            50,no,            50,no
public.external_team_sub_managers,"","","","",            -1,             0,            50,no,            50,no
public.fixture_labor_defaults,"","","","",            -1,             0,            50,no,            50,no
public.housing_possessions,"","","","",            -1,             0,            50,no,            50,no
public.housing_units,"","","","",            -1,             0,            50,no,            50,no
public.inspection_quick_links,"","","","",            -1,             0,            50,no,            50,no
public.inspection_types,"","","","",            -1,             0,            50,no,            50,no
public.inspections,"","","","",            -1,             0,            50,no,            50,no
public.job_book_entries,"","","","",            -1,             0,            50,no,            50,no
public.job_collect_payment_flows,"","","","",            -1,             0,            50,no,            50,no
public.jobs_ledger_invoice_stripe_email_sends,"","","","",            -1,             0,            50,no,            50,no
public.jobs_ledger_materials,"","","","",            -1,             1,            50,no,            50,no
public.jobs_receivables,"","","","",            -1,             0,            50,no,            50,no
public.labels,"","","","",            -1,             0,            50,no,            50,no
public.master_assistants,"","","","",            -1,             0,            50,no,            50,no
public.master_primaries,"","","","",            -1,             0,            50,no,            50,no
public.master_shares,"","","","",            -1,             0,            50,no,            50,no
public.master_superintendents,"","","","",            -1,             0,            50,no,            50,no
public.material_po_generator_entries,"","","","",            -1,             0,            50,no,            50,no
public.mercury_account_nicknames,"","","","",            -1,             0,            50,no,            50,no
public.mercury_debit_card_user_links,"","","","",            -1,             0,            50,no,            50,no
public.mercury_tally_transaction_notes,"","","","",            -1,             4,            50,no,            50,no
public.mercury_transaction_ar_returned,"","","","",            -1,             0,            50,no,            50,no
public.mercury_transaction_org_notes,"","","","",            -1,             3,            50,no,            50,no
public.notification_templates,"","","","",            -1,             0,            50,no,            50,no
public.pay_approved_masters,"","","","",            -1,             0,            50,no,            50,no
public.pay_stub_deductions,"","","","",            -1,             0,            50,no,            50,no
public.pay_stub_payments,"","","","",            -1,             2,            50,no,            50,no
public.people_labels,"","","","",            -1,             0,            50,no,            50,no
public.people_labor_job_items,"","","","",            -1,             6,            50,no,            50,no
public.people_labor_job_payments,"","","","",            -1,             0,            50,no,            50,no
public.people_labor_jobs,"","","","",            -1,             7,            50,no,            50,no
public.people_team_members,"","","","",            -1,            14,            50,no,            50,no
public.people_teams,"","","","",            -1,             9,            50,no,            50,no
public.person_contract_assignments,"","","","",            -1,             0,            50,no,            50,no
public.person_license_cost_lines,"","","","",            -1,             0,            50,no,            50,no
public.person_licenses,"","","","",            -1,             0,            50,no,            50,no
public.project_superintendents,"","","","",            -1,             0,            50,no,            50,no
public.prospect_callbacks,"","","","",            -1,             0,            50,no,            50,no
public.prospect_calling_locks,"","","","",            -1,             0,            50,no,            50,no
public.prospect_email_sent,"","","","",            -1,             0,            50,no,            50,no
public.push_subscriptions,"","","","",            -1,             0,            50,no,            50,no
public.quickfill_difficult_people_daily_checks,"","","","",            -1,             2,            50,no,            50,no
public.quickfill_difficult_people_items,"","","","",            -1,             1,            50,no,            50,no
public.quickfill_office_arriving_daily_checks,"","","","",            -1,             0,            50,no,            50,no
public.recurring_job_report_dispatch_log,"","","","",            -1,             0,            50,no,            50,no
public.recurring_job_report_schedule_recipients,"","","","",            -1,             0,            50,no,            50,no
public.recurring_job_report_schedules,"","","","",            -1,             0,            50,no,            50,no
public.report_enabled_users,"","","","",            -1,             0,            50,no,            50,no
public.report_template_fields,"","","","",            -1,             0,            50,no,            50,no
public.report_templates,"","","","",            -1,             0,            50,no,            50,no
public.salary_work_schedule_day_overrides,"","","","",            -1,             0,            50,no,            50,no
public.salary_work_schedule_templates,"","","","",            -1,             0,            50,no,            50,no
public.schedule_day_email_requests,"","","","",            -1,             0,            50,no,            50,no
public.step_subscriptions,"","","","",            -1,             0,            50,no,            50,no
public.stripe_oob_payment_reverts,"","","","",            -1,             0,            50,no,            50,no
public.supply_houses,"","","","",            -1,             0,            50,no,            50,no
public.takeoff_book_entries,"","","","",            -1,             0,            50,no,            50,no
public.takeoff_book_entry_items,"","","","",            -1,             0,            50,no,            50,no
public.team_feedback_peer_ratings,"","","","",            -1,             0,            50,no,            50,no
public.team_feedback_settings,"","","","",            -1,             0,            50,no,            50,no
public.team_feedback_submissions,"","","","",            -1,             0,            50,no,            50,no
public.team_leader_clock_notify_prefs,"","","","",            -1,             4,            50,no,            50,no
public.user_app_activity_viewers,"","","","",            -1,             0,            50,no,            50,no
public.user_checklist_item_mute_preferences,"","","","",            -1,             0,            50,no,            50,no
public.user_dashboard_buttons,"","","","",            -1,             0,            50,no,            50,no
public.user_dashboard_preferences,"","","","",            -1,             0,            50,no,            50,no
public.user_pinned_tabs,"","","","",            -1,             0,            50,no,            50,no
public.user_prospect_copy_templates,"","","","",            -1,             0,            50,no,            50,no
public.user_prospect_quick_notes,"","","","",            -1,             0,            50,no,            50,no
public.user_report_notification_preferences,"","","","",            -1,             0,            50,no,            50,no
public.user_tag_org,"","","","",            -1,             0,            50,no,            50,no
public.user_time_off,"","","","",            -1,             0,            50,no,            50,no
public.vehicle_odometer_entries,"","","","",            -1,             0,            50,no,            50,no
public.vehicle_possessions,"","","","",            -1,             0,            50,no,            50,no
public.vehicle_replacement_value_entries,"","","","",            -1,             0,            50,no,            50,no
public.vehicles,"","","","",            -1,             0,            50,no,            50,no
public.workflow_step_dependencies,"","","","",            -1,             0,            50,no,            50,no
public.workflow_templates,"","","","",            -1,             0,            50,no,            50,no
public.writeup_templates,"","","","",            -1,             0,            50,no,            50,no
public.writeups,"","","","",            -1,             0,            50,no,            50,no
